{
    "train_losses": {
        "Adam_torch": [
            1.5695852093350913,
            1.5168015931460903,
            1.5057565506333228,
            1.5015137861532444,
            1.5017538336294292,
            1.5002459507507047,
            1.4982965913916957,
            1.497737048531392,
            1.498073510650887,
            1.498317223240826,
            1.4969769904354233,
            1.495681217357294,
            1.5020834607864493,
            1.4984200585371397,
            1.5009814941806834,
            1.503682030289412,
            1.500185707103469,
            1.5002505310308705,
            1.4961375559825125,
            1.499802925693455,
            1.499807608025923,
            1.4996171966036245,
            1.5003835466116475,
            1.5022226893571393,
            1.5053505084153687,
            1.5021124390650913,
            1.5066562664788414,
            1.5022040630962803,
            1.5062762126485423,
            1.5103085418499864,
            1.5073775605860549,
            1.508742269422454,
            1.5031723777876733,
            1.5049328604486705,
            1.5064031602477215,
            1.5043035162283158,
            1.5054491612194443,
            1.5094279182999373,
            1.509869549066019,
            1.513910119848719,
            1.5019251528833466,
            1.5105065177244419,
            1.5078817411526433,
            1.507450678455296,
            1.5064967677537313,
            1.5066193831500723,
            1.508555532137214,
            1.510597988613633,
            1.5081978303028831,
            1.5097513308148902
        ],
        "Adam_custom": [
            1.5025587407256495,
            1.5026589869690348,
            1.4975257641725195,
            1.5010986337021215,
            1.4987330285470877,
            1.4971832751211074,
            1.4992423562098667,
            1.4957239053396783,
            1.4942060440842277,
            1.4941097396269027,
            1.4930671714007981,
            1.497475744691739,
            1.498244786186259,
            1.5005659984627258,
            1.4944457612566349,
            1.490733969440338,
            1.4941563880774005,
            1.4973080974143704,
            1.5026601087818268,
            1.494743559533345,
            1.4955926859048383,
            1.4969135391940949,
            1.4919531909641681,
            1.4911380722832832,
            1.4920258843568341,
            1.494233497170243,
            1.4926832483521402,
            1.49993166854895,
            1.4981876699400862,
            1.494319171412413,
            1.5001925106750114,
            1.498442586424,
            1.4933111963749948,
            1.497150866588804,
            1.4951145544743487,
            1.4931264299827853,
            1.4922420203304494,
            1.4929000420102687,
            1.491309515194598,
            1.4963587287392444,
            1.4898459663523285,
            1.49275665001066,
            1.4934774416087786,
            1.4887435419727235,
            1.4912535086877818,
            1.4931983274183294,
            1.4903268867464208,
            1.4984980960136283,
            1.4992869300628775,
            1.4988589420247433
        ]
    },
    "train_accs": {
        "Adam_torch": [
            96.875,
            93.75,
            96.875,
            96.875,
            93.75,
            100.0,
            100.0,
            93.75,
            100.0,
            96.875,
            100.0,
            93.75,
            90.625,
            90.625,
            96.875,
            84.375,
            96.875,
            96.875,
            100.0,
            96.875,
            96.875,
            96.875,
            100.0,
            93.75,
            87.5,
            96.875,
            96.875,
            100.0,
            93.75,
            96.875,
            96.875,
            93.75,
            96.875,
            81.25,
            100.0,
            96.875,
            84.375,
            93.75,
            87.5,
            100.0,
            96.875,
            93.75,
            96.875,
            96.875,
            96.875,
            93.75,
            96.875,
            96.875,
            96.875,
            90.625
        ],
        "Adam_custom": [
            96.875,
            100.0,
            96.875,
            93.75,
            90.625,
            81.25,
            90.625,
            100.0,
            100.0,
            96.875,
            100.0,
            93.75,
            100.0,
            96.875,
            100.0,
            96.875,
            96.875,
            84.375,
            100.0,
            100.0,
            96.875,
            90.625,
            100.0,
            96.875,
            93.75,
            93.75,
            93.75,
            93.75,
            93.75,
            96.875,
            96.875,
            100.0,
            93.75,
            96.875,
            93.75,
            96.875,
            93.75,
            93.75,
            81.25,
            100.0,
            96.875,
            100.0,
            87.5,
            93.75,
            93.75,
            96.875,
            100.0,
            93.75,
            100.0,
            93.75
        ]
    },
    "test_losses": {
        "Adam_torch": [
            1.518352138009041,
            1.5102226362106905,
            1.5028671967755458,
            1.5095637672266382,
            1.497200599141941,
            1.505524810712049,
            1.5012013054197761,
            1.5092765487683046,
            1.5008931942046828,
            1.5049002132598002,
            1.5013255366853848,
            1.4997384365956494,
            1.5010549399503477,
            1.5072245582653458,
            1.501055009046178,
            1.506013208134159,
            1.5038940344646479,
            1.4967605870240812,
            1.5066529952796401,
            1.5095449822723486,
            1.5119485126179495,
            1.5062685627846202,
            1.495882033542463,
            1.5126314504890686,
            1.503961546405865,
            1.5004847566033626,
            1.5069599880534372,
            1.5058546650941205,
            1.5211774361361363,
            1.504098429042063,
            1.5144602045132096,
            1.511547360450599,
            1.506919756816451,
            1.522109079512821,
            1.5054265959247661,
            1.5027867661919563,
            1.53459463681385,
            1.5185202527198063,
            1.5064270944352363,
            1.5098087407980756,
            1.5007508188296275,
            1.5085613689604838,
            1.510100817224782,
            1.5043199343286502,
            1.5055865307522427,
            1.497909590696833,
            1.497498724870621,
            1.5071426721135521,
            1.5134483803609373,
            1.5246426246728106
        ],